1.500000000000000000e+02,1.500000000000000000e+02,1.500000000000000000e+02,1.500000000000000000e+02,1.500000000000000000e+02,0.000000000000000000e+00,0.000000000000000000e+00
1.500000000000000000e+02,1.500000000000000000e+02,1.500000000000000000e+02,1.500000000000000000e+02,1.500000000000000000e+02,-1.000000000000000000e+00,0.000000000000000000e+00
1.500000000000000000e+02,1.500000000000000000e+02,1.500000000000000000e+02,1.500000000000000000e+02,1.500000000000000000e+02,0.000000000000000000e+00,0.000000000000000000e+00
1.500000000000000000e+02,1.500000000000000000e+02,1.500000000000000000e+02,1.304612356596741733e+02,1.500000000000000000e+02,1.000000000000000000e+00,0.000000000000000000e+00
1.500000000000000000e+02,1.500000000000000000e+02,1.500000000000000000e+02,1.129574072763663821e+02,1.348679770747515363e+02,0.000000000000000000e+00,0.000000000000000000e+00
1.500000000000000000e+02,1.500000000000000000e+02,1.500000000000000000e+02,1.108957007911855186e+02,6.868611281178000638e+01,0.000000000000000000e+00,0.000000000000000000e+00
1.500000000000000000e+02,1.500000000000000000e+02,1.500000000000000000e+02,1.089059804765905994e+02,6.746384606185532107e+01,1.000000000000000000e+00,0.000000000000000000e+00
1.500000000000000000e+02,1.500000000000000000e+02,1.500000000000000000e+02,1.500000000000000000e+02,7.891991562992230058e+01,1.000000000000000000e+00,0.000000000000000000e+00
1.500000000000000000e+02,1.500000000000000000e+02,1.500000000000000000e+02,1.500000000000000000e+02,1.084271062588786236e+02,-1.000000000000000000e+00,0.000000000000000000e+00
1.500000000000000000e+02,1.500000000000000000e+02,1.500000000000000000e+02,1.500000000000000000e+02,1.500000000000000000e+02,1.000000000000000000e+00,0.000000000000000000e+00
1.500000000000000000e+02,1.500000000000000000e+02,1.500000000000000000e+02,1.500000000000000000e+02,1.500000000000000000e+02,5.000000000000000000e+00,0.000000000000000000e+00
1.500000000000000000e+02,1.500000000000000000e+02,1.500000000000000000e+02,1.455132584761643102e+02,1.500000000000000000e+02,4.000000000000000000e+00,0.000000000000000000e+00
1.500000000000000000e+02,1.500000000000000000e+02,1.500000000000000000e+02,1.500000000000000000e+02,1.441996615584440633e+02,2.000000000000000000e+00,0.000000000000000000e+00
1.500000000000000000e+02,1.500000000000000000e+02,1.500000000000000000e+02,1.500000000000000000e+02,1.500000000000000000e+02,-2.000000000000000000e+00,0.000000000000000000e+00
1.500000000000000000e+02,1.500000000000000000e+02,1.500000000000000000e+02,1.500000000000000000e+02,1.500000000000000000e+02,0.000000000000000000e+00,0.000000000000000000e+00
1.500000000000000000e+02,1.500000000000000000e+02,1.500000000000000000e+02,1.500000000000000000e+02,1.500000000000000000e+02,5.000000000000000000e+00,0.000000000000000000e+00
1.500000000000000000e+02,1.500000000000000000e+02,1.500000000000000000e+02,1.500000000000000000e+02,1.500000000000000000e+02,3.000000000000000000e+00,0.000000000000000000e+00
1.500000000000000000e+02,1.500000000000000000e+02,1.500000000000000000e+02,1.500000000000000000e+02,1.500000000000000000e+02,0.000000000000000000e+00,0.000000000000000000e+00
1.500000000000000000e+02,1.500000000000000000e+02,1.500000000000000000e+02,1.500000000000000000e+02,1.500000000000000000e+02,-2.000000000000000000e+00,0.000000000000000000e+00
1.500000000000000000e+02,1.500000000000000000e+02,1.500000000000000000e+02,1.500000000000000000e+02,1.500000000000000000e+02,0.000000000000000000e+00,0.000000000000000000e+00
1.500000000000000000e+02,1.500000000000000000e+02,1.500000000000000000e+02,1.500000000000000000e+02,1.500000000000000000e+02,3.000000000000000000e+00,0.000000000000000000e+00
1.379307944628490077e+02,1.500000000000000000e+02,1.500000000000000000e+02,1.500000000000000000e+02,1.500000000000000000e+02,1.000000000000000000e+00,0.000000000000000000e+00
1.132056824757541733e+02,1.500000000000000000e+02,1.500000000000000000e+02,1.500000000000000000e+02,1.500000000000000000e+02,0.000000000000000000e+00,0.000000000000000000e+00
9.818504733715941768e+01,1.500000000000000000e+02,1.500000000000000000e+02,1.500000000000000000e+02,1.500000000000000000e+02,0.000000000000000000e+00,0.000000000000000000e+00
1.119939196229721290e+02,1.500000000000000000e+02,1.500000000000000000e+02,1.500000000000000000e+02,1.500000000000000000e+02,0.000000000000000000e+00,0.000000000000000000e+00
1.259102008816703773e+02,1.500000000000000000e+02,1.500000000000000000e+02,1.500000000000000000e+02,1.500000000000000000e+02,0.000000000000000000e+00,0.000000000000000000e+00
1.398665210231765457e+02,1.500000000000000000e+02,1.500000000000000000e+02,1.500000000000000000e+02,1.500000000000000000e+02,0.000000000000000000e+00,0.000000000000000000e+00
1.500000000000000000e+02,1.500000000000000000e+02,1.500000000000000000e+02,1.500000000000000000e+02,1.500000000000000000e+02,0.000000000000000000e+00,0.000000000000000000e+00
1.500000000000000000e+02,1.500000000000000000e+02,1.500000000000000000e+02,1.500000000000000000e+02,1.500000000000000000e+02,-1.000000000000000000e+00,0.000000000000000000e+00
1.500000000000000000e+02,1.500000000000000000e+02,1.500000000000000000e+02,1.500000000000000000e+02,1.500000000000000000e+02,-1.000000000000000000e+00,0.000000000000000000e+00
1.442789211554894280e+02,1.280640699168561980e+02,1.500000000000000000e+02,1.500000000000000000e+02,1.500000000000000000e+02,-3.000000000000000000e+00,0.000000000000000000e+00
1.085519698686717476e+02,1.392952702297305052e+02,1.500000000000000000e+02,1.500000000000000000e+02,1.500000000000000000e+02,-4.000000000000000000e+00,0.000000000000000000e+00
1.500000000000000000e+02,1.500000000000000000e+02,1.344664721433174464e+02,1.500000000000000000e+02,1.500000000000000000e+02,0.000000000000000000e+00,0.000000000000000000e+00
1.500000000000000000e+02,1.500000000000000000e+02,9.874902969336521608e+01,1.500000000000000000e+02,1.500000000000000000e+02,0.000000000000000000e+00,0.000000000000000000e+00
1.500000000000000000e+02,1.500000000000000000e+02,5.995130943785670041e+01,1.150728555391902859e+02,1.500000000000000000e+02,-1.000000000000000000e+00,1.000000000000000000e+00
1.500000000000000000e+02,1.500000000000000000e+02,1.500000000000000000e+02,1.500000000000000000e+02,1.500000000000000000e+02,2.000000000000000000e+00,0.000000000000000000e+00
1.500000000000000000e+02,1.500000000000000000e+02,1.500000000000000000e+02,1.500000000000000000e+02,1.500000000000000000e+02,0.000000000000000000e+00,0.000000000000000000e+00
1.500000000000000000e+02,1.500000000000000000e+02,1.500000000000000000e+02,1.500000000000000000e+02,1.500000000000000000e+02,3.000000000000000000e+00,0.000000000000000000e+00
1.500000000000000000e+02,1.500000000000000000e+02,1.500000000000000000e+02,1.500000000000000000e+02,1.500000000000000000e+02,2.000000000000000000e+00,0.000000000000000000e+00
1.500000000000000000e+02,1.500000000000000000e+02,1.500000000000000000e+02,1.500000000000000000e+02,1.500000000000000000e+02,0.000000000000000000e+00,0.000000000000000000e+00
1.500000000000000000e+02,1.500000000000000000e+02,1.500000000000000000e+02,1.500000000000000000e+02,1.500000000000000000e+02,0.000000000000000000e+00,0.000000000000000000e+00
1.500000000000000000e+02,1.500000000000000000e+02,1.500000000000000000e+02,1.500000000000000000e+02,1.500000000000000000e+02,0.000000000000000000e+00,0.000000000000000000e+00
1.500000000000000000e+02,1.500000000000000000e+02,1.500000000000000000e+02,1.406769779057401593e+02,1.320043272781356052e+02,0.000000000000000000e+00,0.000000000000000000e+00
1.500000000000000000e+02,1.500000000000000000e+02,1.500000000000000000e+02,1.500000000000000000e+02,1.087333846119263114e+02,0.000000000000000000e+00,0.000000000000000000e+00
1.500000000000000000e+02,1.500000000000000000e+02,1.500000000000000000e+02,1.500000000000000000e+02,8.541650952072384939e+01,-1.000000000000000000e+00,0.000000000000000000e+00
1.500000000000000000e+02,1.500000000000000000e+02,1.500000000000000000e+02,1.500000000000000000e+02,6.380724947369633071e+01,-3.000000000000000000e+00,0.000000000000000000e+00
1.500000000000000000e+02,1.500000000000000000e+02,1.500000000000000000e+02,8.949881151774805232e+01,4.716031040261879781e+01,-2.000000000000000000e+00,1.000000000000000000e+00
1.500000000000000000e+02,1.500000000000000000e+02,1.500000000000000000e+02,1.500000000000000000e+02,1.500000000000000000e+02,3.000000000000000000e+00,0.000000000000000000e+00
1.500000000000000000e+02,1.500000000000000000e+02,1.500000000000000000e+02,1.500000000000000000e+02,1.500000000000000000e+02,3.000000000000000000e+00,0.000000000000000000e+00
1.500000000000000000e+02,1.500000000000000000e+02,1.500000000000000000e+02,1.500000000000000000e+02,1.500000000000000000e+02,2.000000000000000000e+00,0.000000000000000000e+00
1.500000000000000000e+02,1.500000000000000000e+02,1.500000000000000000e+02,1.500000000000000000e+02,1.500000000000000000e+02,1.000000000000000000e+00,0.000000000000000000e+00
1.500000000000000000e+02,1.500000000000000000e+02,1.500000000000000000e+02,1.500000000000000000e+02,1.500000000000000000e+02,1.000000000000000000e+00,0.000000000000000000e+00
1.500000000000000000e+02,1.500000000000000000e+02,1.500000000000000000e+02,1.500000000000000000e+02,1.500000000000000000e+02,0.000000000000000000e+00,0.000000000000000000e+00
1.500000000000000000e+02,1.500000000000000000e+02,1.500000000000000000e+02,1.500000000000000000e+02,1.500000000000000000e+02,0.000000000000000000e+00,0.000000000000000000e+00
1.500000000000000000e+02,1.500000000000000000e+02,1.500000000000000000e+02,1.500000000000000000e+02,1.500000000000000000e+02,0.000000000000000000e+00,0.000000000000000000e+00
1.500000000000000000e+02,1.500000000000000000e+02,1.500000000000000000e+02,1.350053951873589995e+02,1.316443741702186401e+02,-2.000000000000000000e+00,0.000000000000000000e+00
1.500000000000000000e+02,1.500000000000000000e+02,1.123500659644556805e+02,9.780649864109336988e+01,1.213732055678946438e+02,0.000000000000000000e+00,0.000000000000000000e+00
1.500000000000000000e+02,1.500000000000000000e+02,7.280203006989133030e+01,6.321782684505416228e+01,7.821600360817724606e+01,2.000000000000000000e+00,1.000000000000000000e+00
1.500000000000000000e+02,1.500000000000000000e+02,1.500000000000000000e+02,1.500000000000000000e+02,1.500000000000000000e+02,0.000000000000000000e+00,0.000000000000000000e+00
1.500000000000000000e+02,1.500000000000000000e+02,1.500000000000000000e+02,1.500000000000000000e+02,1.500000000000000000e+02,0.000000000000000000e+00,0.000000000000000000e+00
1.500000000000000000e+02,1.500000000000000000e+02,1.500000000000000000e+02,1.500000000000000000e+02,1.500000000000000000e+02,3.000000000000000000e+00,0.000000000000000000e+00
1.500000000000000000e+02,1.500000000000000000e+02,1.500000000000000000e+02,1.500000000000000000e+02,1.500000000000000000e+02,1.000000000000000000e+00,0.000000000000000000e+00
1.500000000000000000e+02,1.500000000000000000e+02,1.500000000000000000e+02,1.500000000000000000e+02,1.500000000000000000e+02,0.000000000000000000e+00,0.000000000000000000e+00
1.500000000000000000e+02,1.500000000000000000e+02,1.500000000000000000e+02,1.500000000000000000e+02,1.500000000000000000e+02,0.000000000000000000e+00,0.000000000000000000e+00
1.500000000000000000e+02,1.500000000000000000e+02,1.500000000000000000e+02,1.414400018859626584e+02,1.435441858363357426e+02,0.000000000000000000e+00,0.000000000000000000e+00
1.500000000000000000e+02,1.500000000000000000e+02,1.500000000000000000e+02,1.500000000000000000e+02,1.150574609691142314e+02,0.000000000000000000e+00,0.000000000000000000e+00
1.500000000000000000e+02,1.500000000000000000e+02,1.500000000000000000e+02,1.500000000000000000e+02,8.646860954397382670e+01,0.000000000000000000e+00,0.000000000000000000e+00
1.500000000000000000e+02,1.500000000000000000e+02,1.500000000000000000e+02,1.500000000000000000e+02,1.016243479007827233e+02,0.000000000000000000e+00,0.000000000000000000e+00
1.500000000000000000e+02,1.500000000000000000e+02,1.500000000000000000e+02,1.500000000000000000e+02,1.500000000000000000e+02,-2.000000000000000000e+00,0.000000000000000000e+00
1.500000000000000000e+02,1.500000000000000000e+02,1.500000000000000000e+02,1.500000000000000000e+02,1.295455514913018646e+02,0.000000000000000000e+00,0.000000000000000000e+00
1.500000000000000000e+02,1.500000000000000000e+02,1.500000000000000000e+02,1.500000000000000000e+02,1.500000000000000000e+02,2.000000000000000000e+00,0.000000000000000000e+00
1.500000000000000000e+02,1.500000000000000000e+02,1.500000000000000000e+02,1.500000000000000000e+02,1.500000000000000000e+02,0.000000000000000000e+00,0.000000000000000000e+00
1.500000000000000000e+02,1.500000000000000000e+02,1.500000000000000000e+02,1.500000000000000000e+02,1.500000000000000000e+02,0.000000000000000000e+00,0.000000000000000000e+00
1.500000000000000000e+02,1.500000000000000000e+02,1.500000000000000000e+02,1.500000000000000000e+02,1.500000000000000000e+02,0.000000000000000000e+00,0.000000000000000000e+00
1.500000000000000000e+02,1.424817083331926426e+02,1.155017609888937500e+02,1.326147079070946972e+02,1.500000000000000000e+02,0.000000000000000000e+00,0.000000000000000000e+00
1.500000000000000000e+02,9.211872315153219404e+01,7.479688027996536448e+01,8.578070341835841361e+01,1.500000000000000000e+02,1.000000000000000000e+00,1.000000000000000000e+00
1.500000000000000000e+02,5.097047742661084158e+01,3.605898878353666959e+01,3.677108496179683783e+01,5.519240187630096983e+01,0.000000000000000000e+00,1.000000000000000000e+00
1.500000000000000000e+02,1.500000000000000000e+02,1.500000000000000000e+02,1.500000000000000000e+02,1.500000000000000000e+02,-2.000000000000000000e+00,0.000000000000000000e+00
1.500000000000000000e+02,1.500000000000000000e+02,1.500000000000000000e+02,1.500000000000000000e+02,1.500000000000000000e+02,-1.000000000000000000e+00,0.000000000000000000e+00
1.500000000000000000e+02,1.500000000000000000e+02,1.500000000000000000e+02,1.500000000000000000e+02,1.500000000000000000e+02,0.000000000000000000e+00,0.000000000000000000e+00
1.500000000000000000e+02,1.500000000000000000e+02,1.500000000000000000e+02,1.500000000000000000e+02,1.500000000000000000e+02,-1.000000000000000000e+00,0.000000000000000000e+00
1.500000000000000000e+02,1.500000000000000000e+02,1.500000000000000000e+02,1.500000000000000000e+02,1.500000000000000000e+02,-1.000000000000000000e+00,0.000000000000000000e+00
1.500000000000000000e+02,1.500000000000000000e+02,1.500000000000000000e+02,1.500000000000000000e+02,1.500000000000000000e+02,0.000000000000000000e+00,0.000000000000000000e+00
1.500000000000000000e+02,1.500000000000000000e+02,1.500000000000000000e+02,1.500000000000000000e+02,1.500000000000000000e+02,-1.000000000000000000e+00,0.000000000000000000e+00
1.500000000000000000e+02,1.500000000000000000e+02,1.500000000000000000e+02,1.500000000000000000e+02,1.500000000000000000e+02,-2.000000000000000000e+00,0.000000000000000000e+00
1.500000000000000000e+02,1.500000000000000000e+02,1.500000000000000000e+02,1.500000000000000000e+02,1.500000000000000000e+02,1.000000000000000000e+00,0.000000000000000000e+00
1.500000000000000000e+02,1.500000000000000000e+02,1.500000000000000000e+02,1.366549003805620544e+02,1.500000000000000000e+02,5.000000000000000000e+00,0.000000000000000000e+00
1.500000000000000000e+02,1.500000000000000000e+02,1.500000000000000000e+02,1.500000000000000000e+02,1.500000000000000000e+02,2.000000000000000000e+00,0.000000000000000000e+00
1.500000000000000000e+02,1.500000000000000000e+02,1.500000000000000000e+02,1.500000000000000000e+02,1.500000000000000000e+02,0.000000000000000000e+00,0.000000000000000000e+00
1.500000000000000000e+02,1.500000000000000000e+02,1.500000000000000000e+02,1.500000000000000000e+02,1.500000000000000000e+02,-2.000000000000000000e+00,0.000000000000000000e+00
1.500000000000000000e+02,1.500000000000000000e+02,1.459611676468142605e+02,1.500000000000000000e+02,1.500000000000000000e+02,2.000000000000000000e+00,0.000000000000000000e+00
1.500000000000000000e+02,1.500000000000000000e+02,1.337590722095471563e+02,1.091716236106411344e+02,1.500000000000000000e+02,5.000000000000000000e+00,0.000000000000000000e+00
1.500000000000000000e+02,1.500000000000000000e+02,1.500000000000000000e+02,1.500000000000000000e+02,1.132860932993256853e+02,1.000000000000000000e+00,0.000000000000000000e+00
1.500000000000000000e+02,1.500000000000000000e+02,1.500000000000000000e+02,1.500000000000000000e+02,1.439971532642006196e+02,0.000000000000000000e+00,0.000000000000000000e+00
1.500000000000000000e+02,1.500000000000000000e+02,1.500000000000000000e+02,1.500000000000000000e+02,1.500000000000000000e+02,-3.000000000000000000e+00,0.000000000000000000e+00
1.500000000000000000e+02,1.500000000000000000e+02,1.500000000000000000e+02,1.500000000000000000e+02,1.188869220377831226e+02,0.000000000000000000e+00,0.000000000000000000e+00
1.500000000000000000e+02,1.500000000000000000e+02,1.500000000000000000e+02,1.417096966440095684e+02,1.083856588151120803e+02,2.000000000000000000e+00,0.000000000000000000e+00
1.500000000000000000e+02,1.500000000000000000e+02,1.500000000000000000e+02,1.500000000000000000e+02,1.229326318462443055e+02,0.000000000000000000e+00,0.000000000000000000e+00
1.500000000000000000e+02,1.500000000000000000e+02,1.500000000000000000e+02,1.500000000000000000e+02,1.284440516933480581e+02,-1.000000000000000000e+00,0.000000000000000000e+00
1.500000000000000000e+02,1.500000000000000000e+02,1.500000000000000000e+02,1.500000000000000000e+02,1.173525341552678611e+02,-1.000000000000000000e+00,0.000000000000000000e+00
